0,0,1,2,3,4,13,14,15,16,26,27,28,29,39,40,41,52
1,0,1,2,3,4,5,13,14,15,16,17,26,27,28,29,30,39,40,41,42,53
2,0,1,2,3,4,5,6,13,14,15,16,17,18,26,27,28,29,30,31,39,40,41,42,43,54
3,0,1,2,3,4,5,6,7,13,14,15,16,17,18,19,26,27,28,29,30,31,32,40,41,42,43,44,55
4,0,1,2,3,4,5,6,7,8,14,15,16,17,18,19,20,27,28,29,30,31,32,33,41,42,43,44,45,56
5,1,2,3,4,5,6,7,8,9,15,16,17,18,19,20,21,28,29,30,31,32,33,34,42,43,44,45,46,57
6,2,3,4,5,6,7,8,9,10,16,17,18,19,20,21,22,29,30,31,32,33,34,35,43,44,45,46,47,58
7,3,4,5,6,7,8,9,10,11,17,18,19,20,21,22,23,30,31,32,33,34,35,36,44,45,46,47,48,59
8,4,5,6,7,8,9,10,11,12,18,19,20,21,22,23,24,31,32,33,34,35,36,37,45,46,47,48,49,60
9,5,6,7,8,9,10,11,12,19,20,21,22,23,24,25,32,33,34,35,36,37,38,46,47,48,49,50,61
10,6,7,8,9,10,11,12,20,21,22,23,24,25,33,34,35,36,37,38,47,48,49,50,51,62
11,7,8,9,10,11,12,21,22,23,24,25,34,35,36,37,38,48,49,50,51,63
12,8,9,10,11,12,22,23,24,25,35,36,37,38,49,50,51,64
13,0,1,2,3,13,14,15,16,17,26,27,28,29,39,40,41,42,52,53,54,65
14,0,1,2,3,4,13,14,15,16,17,18,26,27,28,29,30,39,40,41,42,43,52,53,54,55,66
15,0,1,2,3,4,5,13,14,15,16,17,18,19,26,27,28,29,30,31,39,40,41,42,43,44,52,53,54,55,56,67
16,0,1,2,3,4,5,6,13,14,15,16,17,18,19,20,26,27,28,29,30,31,32,39,40,41,42,43,44,45,53,54,55,56,57,68
17,1,2,3,4,5,6,7,13,14,15,16,17,18,19,20,21,27,28,29,30,31,32,33,40,41,42,43,44,45,46,54,55,56,57,58,69
18,2,3,4,5,6,7,8,14,15,16,17,18,19,20,21,22,28,29,30,31,32,33,34,41,42,43,44,45,46,47,55,56,57,58,59,70
19,3,4,5,6,7,8,9,15,16,17,18,19,20,21,22,23,29,30,31,32,33,34,35,42,43,44,45,46,47,48,56,57,58,59,60,71
20,4,5,6,7,8,9,10,16,17,18,19,20,21,22,23,24,30,31,32,33,34,35,36,43,44,45,46,47,48,49,57,58,59,60,61,72
21,5,6,7,8,9,10,11,17,18,19,20,21,22,23,24,25,31,32,33,34,35,36,37,44,45,46,47,48,49,50,58,59,60,61,62,73
22,6,7,8,9,10,11,12,18,19,20,21,22,23,24,25,32,33,34,35,36,37,38,45,46,47,48,49,50,51,59,60,61,62,63,74
23,7,8,9,10,11,12,19,20,21,22,23,24,25,33,34,35,36,37,38,46,47,48,49,50,51,60,61,62,63,64,75
24,8,9,10,11,12,20,21,22,23,24,25,34,35,36,37,38,47,48,49,50,51,61,62,63,64,76
25,9,10,11,12,21,22,23,24,25,35,36,37,38,48,49,50,51,62,63,64,77
26,0,1,2,3,13,14,15,16,26,27,28,29,30,39,40,41,42,52,53,54,55,65,66,67,78
27,0,1,2,3,4,13,14,15,16,17,26,27,28,29,30,31,39,40,41,42,43,52,53,54,55,56,65,66,67,68,79
28,0,1,2,3,4,5,13,14,15,16,17,18,26,27,28,29,30,31,32,39,40,41,42,43,44,52,53,54,55,56,57,65,66,67,68,69,80
29,0,1,2,3,4,5,6,13,14,15,16,17,18,19,26,27,28,29,30,31,32,33,39,40,41,42,43,44,45,52,53,54,55,56,57,58,66,67,68,69,70,81
30,1,2,3,4,5,6,7,14,15,16,17,18,19,20,26,27,28,29,30,31,32,33,34,40,41,42,43,44,45,46,53,54,55,56,57,58,59,67,68,69,70,71,82
31,2,3,4,5,6,7,8,15,16,17,18,19,20,21,27,28,29,30,31,32,33,34,35,41,42,43,44,45,46,47,54,55,56,57,58,59,60,68,69,70,71,72,83
32,3,4,5,6,7,8,9,16,17,18,19,20,21,22,28,29,30,31,32,33,34,35,36,42,43,44,45,46,47,48,55,56,57,58,59,60,61,69,70,71,72,73,84
33,4,5,6,7,8,9,10,17,18,19,20,21,22,23,29,30,31,32,33,34,35,36,37,43,44,45,46,47,48,49,56,57,58,59,60,61,62,70,71,72,73,74,85
34,5,6,7,8,9,10,11,18,19,20,21,22,23,24,30,31,32,33,34,35,36,37,38,44,45,46,47,48,49,50,57,58,59,60,61,62,63,71,72,73,74,75,86
35,6,7,8,9,10,11,12,19,20,21,22,23,24,25,31,32,33,34,35,36,37,38,45,46,47,48,49,50,51,58,59,60,61,62,63,64,72,73,74,75,76,87
36,7,8,9,10,11,12,20,21,22,23,24,25,32,33,34,35,36,37,38,46,47,48,49,50,51,59,60,61,62,63,64,73,74,75,76,77,88
37,8,9,10,11,12,21,22,23,24,25,33,34,35,36,37,38,47,48,49,50,51,60,61,62,63,64,74,75,76,77,89
38,9,10,11,12,22,23,24,25,34,35,36,37,38,48,49,50,51,61,62,63,64,75,76,77,90
39,0,1,2,13,14,15,16,26,27,28,29,39,40,41,42,43,52,53,54,55,65,66,67,68,78,79,80,91
40,0,1,2,3,13,14,15,16,17,26,27,28,29,30,39,40,41,42,43,44,52,53,54,55,56,65,66,67,68,69,78,79,80,81,92
41,0,1,2,3,4,13,14,15,16,17,18,26,27,28,29,30,31,39,40,41,42,43,44,45,52,53,54,55,56,57,65,66,67,68,69,70,78,79,80,81,82,93
42,1,2,3,4,5,13,14,15,16,17,18,19,26,27,28,29,30,31,32,39,40,41,42,43,44,45,46,52,53,54,55,56,57,58,65,66,67,68,69,70,71,79,80,81,82,83,94
43,2,3,4,5,6,14,15,16,17,18,19,20,27,28,29,30,31,32,33,39,40,41,42,43,44,45,46,47,53,54,55,56,57,58,59,66,67,68,69,70,71,72,80,81,82,83,84,95
44,3,4,5,6,7,15,16,17,18,19,20,21,28,29,30,31,32,33,34,40,41,42,43,44,45,46,47,48,54,55,56,57,58,59,60,67,68,69,70,71,72,73,81,82,83,84,85,96
45,4,5,6,7,8,16,17,18,19,20,21,22,29,30,31,32,33,34,35,41,42,43,44,45,46,47,48,49,55,56,57,58,59,60,61,68,69,70,71,72,73,74,82,83,84,85,86,97
46,5,6,7,8,9,17,18,19,20,21,22,23,30,31,32,33,34,35,36,42,43,44,45,46,47,48,49,50,56,57,58,59,60,61,62,69,70,71,72,73,74,75,83,84,85,86,87,98
47,6,7,8,9,10,18,19,20,21,22,23,24,31,32,33,34,35,36,37,43,44,45,46,47,48,49,50,51,57,58,59,60,61,62,63,70,71,72,73,74,75,76,84,85,86,87,88,99
48,7,8,9,10,11,19,20,21,22,23,24,25,32,33,34,35,36,37,38,44,45,46,47,48,49,50,51,58,59,60,61,62,63,64,71,72,73,74,75,76,77,85,86,87,88,89,100
49,8,9,10,11,12,20,21,22,23,24,25,33,34,35,36,37,38,45,46,47,48,49,50,51,59,60,61,62,63,64,72,73,74,75,76,77,86,87,88,89,90,101
50,9,10,11,12,21,22,23,24,25,34,35,36,37,38,46,47,48,49,50,51,60,61,62,63,64,73,74,75,76,77,87,88,89,90,102
51,10,11,12,22,23,24,25,35,36,37,38,47,48,49,50,51,61,62,63,64,74,75,76,77,88,89,90,103
52,0,13,14,15,26,27,28,29,39,40,41,42,52,53,54,55,56,65,66,67,68,78,79,80,81,91,92,93,104
53,1,13,14,15,16,26,27,28,29,30,39,40,41,42,43,52,53,54,55,56,57,65,66,67,68,69,78,79,80,81,82,91,92,93,94,105
54,2,13,14,15,16,17,26,27,28,29,30,31,39,40,41,42,43,44,52,53,54,55,56,57,58,65,66,67,68,69,70,78,79,80,81,82,83,91,92,93,94,95,106
55,3,14,15,16,17,18,26,27,28,29,30,31,32,39,40,41,42,43,44,45,52,53,54,55,56,57,58,59,65,66,67,68,69,70,71,78,79,80,81,82,83,84,92,93,94,95,96,107
56,4,15,16,17,18,19,27,28,29,30,31,32,33,40,41,42,43,44,45,46,52,53,54,55,56,57,58,59,60,66,67,68,69,70,71,72,79,80,81,82,83,84,85,93,94,95,96,97,108
57,5,16,17,18,19,20,28,29,30,31,32,33,34,41,42,43,44,45,46,47,53,54,55,56,57,58,59,60,61,67,68,69,70,71,72,73,80,81,82,83,84,85,86,94,95,96,97,98,109
58,6,17,18,19,20,21,29,30,31,32,33,34,35,42,43,44,45,46,47,48,54,55,56,57,58,59,60,61,62,68,69,70,71,72,73,74,81,82,83,84,85,86,87,95,96,97,98,99,110
59,7,18,19,20,21,22,30,31,32,33,34,35,36,43,44,45,46,47,48,49,55,56,57,58,59,60,61,62,63,69,70,71,72,73,74,75,82,83,84,85,86,87,88,96,97,98,99,100,111
60,8,19,20,21,22,23,31,32,33,34,35,36,37,44,45,46,47,48,49,50,56,57,58,59,60,61,62,63,64,70,71,72,73,74,75,76,83,84,85,86,87,88,89,97,98,99,100,101,112
61,9,20,21,22,23,24,32,33,34,35,36,37,38,45,46,47,48,49,50,51,57,58,59,60,61,62,63,64,71,72,73,74,75,76,77,84,85,86,87,88,89,90,98,99,100,101,102,113
62,10,21,22,23,24,25,33,34,35,36,37,38,46,47,48,49,50,51,58,59,60,61,62,63,64,72,73,74,75,76,77,85,86,87,88,89,90,99,100,101,102,103,114
63,11,22,23,24,25,34,35,36,37,38,47,48,49,50,51,59,60,61,62,63,64,73,74,75,76,77,86,87,88,89,90,100,101,102,103,115
64,12,23,24,25,35,36,37,38,48,49,50,51,60,61,62,63,64,74,75,76,77,87,88,89,90,101,102,103,116
65,13,26,27,28,39,40,41,42,52,53,54,55,65,66,67,68,69,78,79,80,81,91,92,93,94,104,105,106,117
66,14,26,27,28,29,39,40,41,42,43,52,53,54,55,56,65,66,67,68,69,70,78,79,80,81,82,91,92,93,94,95,104,105,106,107,118
67,15,26,27,28,29,30,39,40,41,42,43,44,52,53,54,55,56,57,65,66,67,68,69,70,71,78,79,80,81,82,83,91,92,93,94,95,96,104,105,106,107,108,119
68,16,27,28,29,30,31,39,40,41,42,43,44,45,52,53,54,55,56,57,58,65,66,67,68,69,70,71,72,78,79,80,81,82,83,84,91,92,93,94,95,96,97,105,106,107,108,109,120
69,17,28,29,30,31,32,40,41,42,43,44,45,46,53,54,55,56,57,58,59,65,66,67,68,69,70,71,72,73,79,80,81,82,83,84,85,92,93,94,95,96,97,98,106,107,108,109,110,121
70,18,29,30,31,32,33,41,42,43,44,45,46,47,54,55,56,57,58,59,60,66,67,68,69,70,71,72,73,74,80,81,82,83,84,85,86,93,94,95,96,97,98,99,107,108,109,110,111,122
71,19,30,31,32,33,34,42,43,44,45,46,47,48,55,56,57,58,59,60,61,67,68,69,70,71,72,73,74,75,81,82,83,84,85,86,87,94,95,96,97,98,99,100,108,109,110,111,112,123
72,20,31,32,33,34,35,43,44,45,46,47,48,49,56,57,58,59,60,61,62,68,69,70,71,72,73,74,75,76,82,83,84,85,86,87,88,95,96,97,98,99,100,101,109,110,111,112,113,124
73,21,32,33,34,35,36,44,45,46,47,48,49,50,57,58,59,60,61,62,63,69,70,71,72,73,74,75,76,77,83,84,85,86,87,88,89,96,97,98,99,100,101,102,110,111,112,113,114,125
74,22,33,34,35,36,37,45,46,47,48,49,50,51,58,59,60,61,62,63,64,70,71,72,73,74,75,76,77,84,85,86,87,88,89,90,97,98,99,100,101,102,103,111,112,113,114,115,126
75,23,34,35,36,37,38,46,47,48,49,50,51,59,60,61,62,63,64,71,72,73,74,75,76,77,85,86,87,88,89,90,98,99,100,101,102,103,112,113,114,115,116,127
76,24,35,36,37,38,47,48,49,50,51,60,61,62,63,64,72,73,74,75,76,77,86,87,88,89,90,99,100,101,102,103,113,114,115,116,128
77,25,36,37,38,48,49,50,51,61,62,63,64,73,74,75,76,77,87,88,89,90,100,101,102,103,114,115,116,129
78,26,39,40,41,52,53,54,55,65,66,67,68,78,79,80,81,82,91,92,93,94,104,105,106,107,117,118,119,130
79,27,39,40,41,42,52,53,54,55,56,65,66,67,68,69,78,79,80,81,82,83,91,92,93,94,95,104,105,106,107,108,117,118,119,120,131
80,28,39,40,41,42,43,52,53,54,55,56,57,65,66,67,68,69,70,78,79,80,81,82,83,84,91,92,93,94,95,96,104,105,106,107,108,109,117,118,119,120,121,132
81,29,40,41,42,43,44,52,53,54,55,56,57,58,65,66,67,68,69,70,71,78,79,80,81,82,83,84,85,91,92,93,94,95,96,97,104,105,106,107,108,109,110,118,119,120,121,122,133
82,30,41,42,43,44,45,53,54,55,56,57,58,59,66,67,68,69,70,71,72,78,79,80,81,82,83,84,85,86,92,93,94,95,96,97,98,105,106,107,108,109,110,111,119,120,121,122,123,134
83,31,42,43,44,45,46,54,55,56,57,58,59,60,67,68,69,70,71,72,73,79,80,81,82,83,84,85,86,87,93,94,95,96,97,98,99,106,107,108,109,110,111,112,120,121,122,123,124,135
84,32,43,44,45,46,47,55,56,57,58,59,60,61,68,69,70,71,72,73,74,80,81,82,83,84,85,86,87,88,94,95,96,97,98,99,100,107,108,109,110,111,112,113,121,122,123,124,125,136
85,33,44,45,46,47,48,56,57,58,59,60,61,62,69,70,71,72,73,74,75,81,82,83,84,85,86,87,88,89,95,96,97,98,99,100,101,108,109,110,111,112,113,114,122,123,124,125,126,137
86,34,45,46,47,48,49,57,58,59,60,61,62,63,70,71,72,73,74,75,76,82,83,84,85,86,87,88,89,90,96,97,98,99,100,101,102,109,110,111,112,113,114,115,123,124,125,126,127,138
87,35,46,47,48,49,50,58,59,60,61,62,63,64,71,72,73,74,75,76,77,83,84,85,86,87,88,89,90,97,98,99,100,101,102,103,110,111,112,113,114,115,116,124,125,126,127,128,139
88,36,47,48,49,50,51,59,60,61,62,63,64,72,73,74,75,76,77,84,85,86,87,88,89,90,98,99,100,101,102,103,111,112,113,114,115,116,125,126,127,128,129,140
89,37,48,49,50,51,60,61,62,63,64,73,74,75,76,77,85,86,87,88,89,90,99,100,101,102,103,112,113,114,115,116,126,127,128,129,141
90,38,49,50,51,61,62,63,64,74,75,76,77,86,87,88,89,90,100,101,102,103,113,114,115,116,127,128,129,142
91,39,52,53,54,65,66,67,68,78,79,80,81,91,92,93,94,95,104,105,106,107,117,118,119,120,130,131,132,143
92,40,52,53,54,55,65,66,67,68,69,78,79,80,81,82,91,92,93,94,95,96,104,105,106,107,108,117,118,119,120,121,130,131,132,133,144
93,41,52,53,54,55,56,65,66,67,68,69,70,78,79,80,81,82,83,91,92,93,94,95,96,97,104,105,106,107,108,109,117,118,119,120,121,122,130,131,132,133,134,145
94,42,53,54,55,56,57,65,66,67,68,69,70,71,78,79,80,81,82,83,84,91,92,93,94,95,96,97,98,104,105,106,107,108,109,110,117,118,119,120,121,122,123,131,132,133,134,135,146
95,43,54,55,56,57,58,66,67,68,69,70,71,72,79,80,81,82,83,84,85,91,92,93,94,95,96,97,98,99,105,106,107,108,109,110,111,118,119,120,121,122,123,124,132,133,134,135,136,147
96,44,55,56,57,58,59,67,68,69,70,71,72,73,80,81,82,83,84,85,86,92,93,94,95,96,97,98,99,100,106,107,108,109,110,111,112,119,120,121,122,123,124,125,133,134,135,136,137,148
97,45,56,57,58,59,60,68,69,70,71,72,73,74,81,82,83,84,85,86,87,93,94,95,96,97,98,99,100,101,107,108,109,110,111,112,113,120,121,122,123,124,125,126,134,135,136,137,138,149
98,46,57,58,59,60,61,69,70,71,72,73,74,75,82,83,84,85,86,87,88,94,95,96,97,98,99,100,101,102,108,109,110,111,112,113,114,121,122,123,124,125,126,127,135,136,137,138,139,150
99,47,58,59,60,61,62,70,71,72,73,74,75,76,83,84,85,86,87,88,89,95,96,97,98,99,100,101,102,103,109,110,111,112,113,114,115,122,123,124,125,126,127,128,136,137,138,139,140,151
100,48,59,60,61,62,63,71,72,73,74,75,76,77,84,85,86,87,88,89,90,96,97,98,99,100,101,102,103,110,111,112,113,114,115,116,123,124,125,126,127,128,129,137,138,139,140,141,152
101,49,60,61,62,63,64,72,73,74,75,76,77,85,86,87,88,89,90,97,98,99,100,101,102,103,111,112,113,114,115,116,124,125,126,127,128,129,138,139,140,141,142,153
102,50,61,62,63,64,73,74,75,76,77,86,87,88,89,90,98,99,100,101,102,103,112,113,114,115,116,125,126,127,128,129,139,140,141,142,154
103,51,62,63,64,74,75,76,77,87,88,89,90,99,100,101,102,103,113,114,115,116,126,127,128,129,140,141,142,155
104,52,65,66,67,78,79,80,81,91,92,93,94,104,105,106,107,108,117,118,119,120,130,131,132,133,143,144,145,156
105,53,65,66,67,68,78,79,80,81,82,91,92,93,94,95,104,105,106,107,108,109,117,118,119,120,121,130,131,132,133,134,143,144,145,146,157
106,54,65,66,67,68,69,78,79,80,81,82,83,91,92,93,94,95,96,104,105,106,107,108,109,110,117,118,119,120,121,122,130,131,132,133,134,135,143,144,145,146,147,158
107,55,66,67,68,69,70,78,79,80,81,82,83,84,91,92,93,94,95,96,97,104,105,106,107,108,109,110,111,117,118,119,120,121,122,123,130,131,132,133,134,135,136,144,145,146,147,148,159
108,56,67,68,69,70,71,79,80,81,82,83,84,85,92,93,94,95,96,97,98,104,105,106,107,108,109,110,111,112,118,119,120,121,122,123,124,131,132,133,134,135,136,137,145,146,147,148,149,160
109,57,68,69,70,71,72,80,81,82,83,84,85,86,93,94,95,96,97,98,99,105,106,107,108,109,110,111,112,113,119,120,121,122,123,124,125,132,133,134,135,136,137,138,146,147,148,149,150,161
110,58,69,70,71,72,73,81,82,83,84,85,86,87,94,95,96,97,98,99,100,106,107,108,109,110,111,112,113,114,120,121,122,123,124,125,126,133,134,135,136,137,138,139,147,148,149,150,151,162
111,59,70,71,72,73,74,82,83,84,85,86,87,88,95,96,97,98,99,100,101,107,108,109,110,111,112,113,114,115,121,122,123,124,125,126,127,134,135,136,137,138,139,140,148,149,150,151,152,163
112,60,71,72,73,74,75,83,84,85,86,87,88,89,96,97,98,99,100,101,102,108,109,110,111,112,113,114,115,116,122,123,124,125,126,127,128,135,136,137,138,139,140,141,149,150,151,152,153,164
113,61,72,73,74,75,76,84,85,86,87,88,89,90,97,98,99,100,101,102,103,109,110,111,112,113,114,115,116,123,124,125,126,127,128,129,136,137,138,139,140,141,142,150,151,152,153,154,165
114,62,73,74,75,76,77,85,86,87,88,89,90,98,99,100,101,102,103,110,111,112,113,114,115,116,124,125,126,127,128,129,137,138,139,140,141,142,151,152,153,154,155,166
115,63,74,75,76,77,86,87,88,89,90,99,100,101,102,103,111,112,113,114,115,116,125,126,127,128,129,138,139,140,141,142,152,153,154,155,167
116,64,75,76,77,87,88,89,90,100,101,102,103,112,113,114,115,116,126,127,128,129,139,140,141,142,153,154,155,168
117,65,78,79,80,91,92,93,94,104,105,106,107,117,118,119,120,121,130,131,132,133,143,144,145,146,156,157,158,169
118,66,78,79,80,81,91,92,93,94,95,104,105,106,107,108,117,118,119,120,121,122,130,131,132,133,134,143,144,145,146,147,156,157,158,159,170
119,67,78,79,80,81,82,91,92,93,94,95,96,104,105,106,107,108,109,117,118,119,120,121,122,123,130,131,132,133,134,135,143,144,145,146,147,148,156,157,158,159,160,171
120,68,79,80,81,82,83,91,92,93,94,95,96,97,104,105,106,107,108,109,110,117,118,119,120,121,122,123,124,130,131,132,133,134,135,136,143,144,145,146,147,148,149,157,158,159,160,161,172
121,69,80,81,82,83,84,92,93,94,95,96,97,98,105,106,107,108,109,110,111,117,118,119,120,121,122,123,124,125,131,132,133,134,135,136,137,144,145,146,147,148,149,150,158,159,160,161,162,173
122,70,81,82,83,84,85,93,94,95,96,97,98,99,106,107,108,109,110,111,112,118,119,120,121,122,123,124,125,126,132,133,134,135,136,137,138,145,146,147,148,149,150,151,159,160,161,162,163,174
123,71,82,83,84,85,86,94,95,96,97,98,99,100,107,108,109,110,111,112,113,119,120,121,122,123,124,125,126,127,133,134,135,136,137,138,139,146,147,148,149,150,151,152,160,161,162,163,164,175
124,72,83,84,85,86,87,95,96,97,98,99,100,101,108,109,110,111,112,113,114,120,121,122,123,124,125,126,127,128,134,135,136,137,138,139,140,147,148,149,150,151,152,153,161,162,163,164,165,176
125,73,84,85,86,87,88,96,97,98,99,100,101,102,109,110,111,112,113,114,115,121,122,123,124,125,126,127,128,129,135,136,137,138,139,140,141,148,149,150,151,152,153,154,162,163,164,165,166,177
126,74,85,86,87,88,89,97,98,99,100,101,102,103,110,111,112,113,114,115,116,122,123,124,125,126,127,128,129,136,137,138,139,140,141,142,149,150,151,152,153,154,155,163,164,165,166,167,178
127,75,86,87,88,89,90,98,99,100,101,102,103,111,112,113,114,115,116,123,124,125,126,127,128,129,137,138,139,140,141,142,150,151,152,153,154,155,164,165,166,167,168,179
128,76,87,88,89,90,99,100,101,102,103,112,113,114,115,116,124,125,126,127,128,129,138,139,140,141,142,151,152,153,154,155,165,166,167,168,180
129,77,88,89,90,100,101,102,103,113,114,115,116,125,126,127,128,129,139,140,141,142,152,153,154,155,166,167,168,181
130,78,91,92,93,104,105,106,107,117,118,119,120,130,131,132,133,134,143,144,145,146,156,157,158,159,169,170,171,182
131,79,91,92,93,94,104,105,106,107,108,117,118,119,120,121,130,131,132,133,134,135,143,144,145,146,147,156,157,158,159,160,169,170,171,172,183
132,80,91,92,93,94,95,104,105,106,107,108,109,117,118,119,120,121,122,130,131,132,133,134,135,136,143,144,145,146,147,148,156,157,158,159,160,161,169,170,171,172,173,184
133,81,92,93,94,95,96,104,105,106,107,108,109,110,117,118,119,120,121,122,123,130,131,132,133,134,135,136,137,143,144,145,146,147,148,149,156,157,158,159,160,161,162,170,171,172,173,174,185
134,82,93,94,95,96,97,105,106,107,108,109,110,111,118,119,120,121,122,123,124,130,131,132,133,134,135,136,137,138,144,145,146,147,148,149,150,157,158,159,160,161,162,163,171,172,173,174,175,186
135,83,94,95,96,97,98,106,107,108,109,110,111,112,119,120,121,122,123,124,125,131,132,133,134,135,136,137,138,139,145,146,147,148,149,150,151,158,159,160,161,162,163,164,172,173,174,175,176,187
136,84,95,96,97,98,99,107,108,109,110,111,112,113,120,121,122,123,124,125,126,132,133,134,135,136,137,138,139,140,146,147,148,149,150,151,152,159,160,161,162,163,164,165,173,174,175,176,177,188
137,85,96,97,98,99,100,108,109,110,111,112,113,114,121,122,123,124,125,126,127,133,134,135,136,137,138,139,140,141,147,148,149,150,151,152,153,160,161,162,163,164,165,166,174,175,176,177,178,189
138,86,97,98,99,100,101,109,110,111,112,113,114,115,122,123,124,125,126,127,128,134,135,136,137,138,139,140,141,142,148,149,150,151,152,153,154,161,162,163,164,165,166,167,175,176,177,178,179,190
139,87,98,99,100,101,102,110,111,112,113,114,115,116,123,124,125,126,127,128,129,135,136,137,138,139,140,141,142,149,150,151,152,153,154,155,162,163,164,165,166,167,168,176,177,178,179,180,191
140,88,99,100,101,102,103,111,112,113,114,115,116,124,125,126,127,128,129,136,137,138,139,140,141,142,150,151,152,153,154,155,163,164,165,166,167,168,177,178,179,180,181,192
141,89,100,101,102,103,112,113,114,115,116,125,126,127,128,129,137,138,139,140,141,142,151,152,153,154,155,164,165,166,167,168,178,179,180,181,193
142,90,101,102,103,113,114,115,116,126,127,128,129,138,139,140,141,142,152,153,154,155,165,166,167,168,179,180,181,194
143,91,104,105,106,117,118,119,120,130,131,132,133,143,144,145,146,147,156,157,158,159,169,170,171,172,182,183,184,195
144,92,104,105,106,107,117,118,119,120,121,130,131,132,133,134,143,144,145,146,147,148,156,157,158,159,160,169,170,171,172,173,182,183,184,185,196
145,93,104,105,106,107,108,117,118,119,120,121,122,130,131,132,133,134,135,143,144,145,146,147,148,149,156,157,158,159,160,161,169,170,171,172,173,174,182,183,184,185,186,197
146,94,105,106,107,108,109,117,118,119,120,121,122,123,130,131,132,133,134,135,136,143,144,145,146,147,148,149,150,156,157,158,159,160,161,162,169,170,171,172,173,174,175,183,184,185,186,187,198
147,95,106,107,108,109,110,118,119,120,121,122,123,124,131,132,133,134,135,136,137,143,144,145,146,147,148,149,150,151,157,158,159,160,161,162,163,170,171,172,173,174,175,176,184,185,186,187,188,199
148,96,107,108,109,110,111,119,120,121,122,123,124,125,132,133,134,135,136,137,138,144,145,146,147,148,149,150,151,152,158,159,160,161,162,163,164,171,172,173,174,175,176,177,185,186,187,188,189,200
149,97,108,109,110,111,112,120,121,122,123,124,125,126,133,134,135,136,137,138,139,145,146,147,148,149,150,151,152,153,159,160,161,162,163,164,165,172,173,174,175,176,177,178,186,187,188,189,190,201
150,98,109,110,111,112,113,121,122,123,124,125,126,127,134,135,136,137,138,139,140,146,147,148,149,150,151,152,153,154,160,161,162,163,164,165,166,173,174,175,176,177,178,179,187,188,189,190,191,202
151,99,110,111,112,113,114,122,123,124,125,126,127,128,135,136,137,138,139,140,141,147,148,149,150,151,152,153,154,155,161,162,163,164,165,166,167,174,175,176,177,178,179,180,188,189,190,191,192,203
152,100,111,112,113,114,115,123,124,125,126,127,128,129,136,137,138,139,140,141,142,148,149,150,151,152,153,154,155,162,163,164,165,166,167,168,175,176,177,178,179,180,181,189,190,191,192,193,204
153,101,112,113,114,115,116,124,125,126,127,128,129,137,138,139,140,141,142,149,150,151,152,153,154,155,163,164,165,166,167,168,176,177,178,179,180,181,190,191,192,193,194,205
154,102,113,114,115,116,125,126,127,128,129,138,139,140,141,142,150,151,152,153,154,155,164,165,166,167,168,177,178,179,180,181,191,192,193,194,206
155,103,114,115,116,126,127,128,129,139,140,141,142,151,152,153,154,155,165,166,167,168,178,179,180,181,192,193,194,207
156,104,117,118,119,130,131,132,133,143,144,145,146,156,157,158,159,160,169,170,171,172,182,183,184,185,195,196,197,208
157,105,117,118,119,120,130,131,132,133,134,143,144,145,146,147,156,157,158,159,160,161,169,170,171,172,173,182,183,184,185,186,195,196,197,198,209
158,106,117,118,119,120,121,130,131,132,133,134,135,143,144,145,146,147,148,156,157,158,159,160,161,162,169,170,171,172,173,174,182,183,184,185,186,187,195,196,197,198,199,210
159,107,118,119,120,121,122,130,131,132,133,134,135,136,143,144,145,146,147,148,149,156,157,158,159,160,161,162,163,169,170,171,172,173,174,175,182,183,184,185,186,187,188,196,197,198,199,200,211
160,108,119,120,121,122,123,131,132,133,134,135,136,137,144,145,146,147,148,149,150,156,157,158,159,160,161,162,163,164,170,171,172,173,174,175,176,183,184,185,186,187,188,189,197,198,199,200,201,212
161,109,120,121,122,123,124,132,133,134,135,136,137,138,145,146,147,148,149,150,151,157,158,159,160,161,162,163,164,165,171,172,173,174,175,176,177,184,185,186,187,188,189,190,198,199,200,201,202,213
162,110,121,122,123,124,125,133,134,135,136,137,138,139,146,147,148,149,150,151,152,158,159,160,161,162,163,164,165,166,172,173,174,175,176,177,178,185,186,187,188,189,190,191,199,200,201,202,203,214
163,111,122,123,124,125,126,134,135,136,137,138,139,140,147,148,149,150,151,152,153,159,160,161,162,163,164,165,166,167,173,174,175,176,177,178,179,186,187,188,189,190,191,192,200,201,202,203,204,215
164,112,123,124,125,126,127,135,136,137,138,139,140,141,148,149,150,151,152,153,154,160,161,162,163,164,165,166,167,168,174,175,176,177,178,179,180,187,188,189,190,191,192,193,201,202,203,204,205,216
165,113,124,125,126,127,128,136,137,138,139,140,141,142,149,150,151,152,153,154,155,161,162,163,164,165,166,167,168,175,176,177,178,179,180,181,188,189,190,191,192,193,194,202,203,204,205,206,217
166,114,125,126,127,128,129,137,138,139,140,141,142,150,151,152,153,154,155,162,163,164,165,166,167,168,176,177,178,179,180,181,189,190,191,192,193,194,203,204,205,206,207,218
167,115,126,127,128,129,138,139,140,141,142,151,152,153,154,155,163,164,165,166,167,168,177,178,179,180,181,190,191,192,193,194,204,205,206,207,219
168,116,127,128,129,139,140,141,142,152,153,154,155,164,165,166,167,168,178,179,180,181,191,192,193,194,205,206,207,220
169,117,130,131,132,143,144,145,146,156,157,158,159,169,170,171,172,173,182,183,184,185,195,196,197,198,208,209,210
170,118,130,131,132,133,143,144,145,146,147,156,157,158,159,160,169,170,171,172,173,174,182,183,184,185,186,195,196,197,198,199,208,209,210,211
171,119,130,131,132,133,134,143,144,145,146,147,148,156,157,158,159,160,161,169,170,171,172,173,174,175,182,183,184,185,186,187,195,196,197,198,199,200,208,209,210,211,212
172,120,131,132,133,134,135,143,144,145,146,147,148,149,156,157,158,159,160,161,162,169,170,171,172,173,174,175,176,182,183,184,185,186,187,188,195,196,197,198,199,200,201,209,210,211,212,213
173,121,132,133,134,135,136,144,145,146,147,148,149,150,157,158,159,160,161,162,163,169,170,171,172,173,174,175,176,177,183,184,185,186,187,188,189,196,197,198,199,200,201,202,210,211,212,213,214
174,122,133,134,135,136,137,145,146,147,148,149,150,151,158,159,160,161,162,163,164,170,171,172,173,174,175,176,177,178,184,185,186,187,188,189,190,197,198,199,200,201,202,203,211,212,213,214,215
175,123,134,135,136,137,138,146,147,148,149,150,151,152,159,160,161,162,163,164,165,171,172,173,174,175,176,177,178,179,185,186,187,188,189,190,191,198,199,200,201,202,203,204,212,213,214,215,216
176,124,135,136,137,138,139,147,148,149,150,151,152,153,160,161,162,163,164,165,166,172,173,174,175,176,177,178,179,180,186,187,188,189,190,191,192,199,200,201,202,203,204,205,213,214,215,216,217
177,125,136,137,138,139,140,148,149,150,151,152,153,154,161,162,163,164,165,166,167,173,174,175,176,177,178,179,180,181,187,188,189,190,191,192,193,200,201,202,203,204,205,206,214,215,216,217,218
178,126,137,138,139,140,141,149,150,151,152,153,154,155,162,163,164,165,166,167,168,174,175,176,177,178,179,180,181,188,189,190,191,192,193,194,201,202,203,204,205,206,207,215,216,217,218,219
179,127,138,139,140,141,142,150,151,152,153,154,155,163,164,165,166,167,168,175,176,177,178,179,180,181,189,190,191,192,193,194,202,203,204,205,206,207,216,217,218,219,220
180,128,139,140,141,142,151,152,153,154,155,164,165,166,167,168,176,177,178,179,180,181,190,191,192,193,194,203,204,205,206,207,217,218,219,220
181,129,140,141,142,152,153,154,155,165,166,167,168,177,178,179,180,181,191,192,193,194,204,205,206,207,218,219,220
182,130,143,144,145,156,157,158,159,169,170,171,172,182,183,184,185,186,195,196,197,198,208,209,210,211
183,131,143,144,145,146,156,157,158,159,160,169,170,171,172,173,182,183,184,185,186,187,195,196,197,198,199,208,209,210,211,212
184,132,143,144,145,146,147,156,157,158,159,160,161,169,170,171,172,173,174,182,183,184,185,186,187,188,195,196,197,198,199,200,208,209,210,211,212,213
185,133,144,145,146,147,148,156,157,158,159,160,161,162,169,170,171,172,173,174,175,182,183,184,185,186,187,188,189,195,196,197,198,199,200,201,208,209,210,211,212,213,214
186,134,145,146,147,148,149,157,158,159,160,161,162,163,170,171,172,173,174,175,176,182,183,184,185,186,187,188,189,190,196,197,198,199,200,201,202,209,210,211,212,213,214,215
187,135,146,147,148,149,150,158,159,160,161,162,163,164,171,172,173,174,175,176,177,183,184,185,186,187,188,189,190,191,197,198,199,200,201,202,203,210,211,212,213,214,215,216
188,136,147,148,149,150,151,159,160,161,162,163,164,165,172,173,174,175,176,177,178,184,185,186,187,188,189,190,191,192,198,199,200,201,202,203,204,211,212,213,214,215,216,217
189,137,148,149,150,151,152,160,161,162,163,164,165,166,173,174,175,176,177,178,179,185,186,187,188,189,190,191,192,193,199,200,201,202,203,204,205,212,213,214,215,216,217,218
190,138,149,150,151,152,153,161,162,163,164,165,166,167,174,175,176,177,178,179,180,186,187,188,189,190,191,192,193,194,200,201,202,203,204,205,206,213,214,215,216,217,218,219
191,139,150,151,152,153,154,162,163,164,165,166,167,168,175,176,177,178,179,180,181,187,188,189,190,191,192,193,194,201,202,203,204,205,206,207,214,215,216,217,218,219,220
192,140,151,152,153,154,155,163,164,165,166,167,168,176,177,178,179,180,181,188,189,190,191,192,193,194,202,203,204,205,206,207,215,216,217,218,219,220
193,141,152,153,154,155,164,165,166,167,168,177,178,179,180,181,189,190,191,192,193,194,203,204,205,206,207,216,217,218,219,220
194,142,153,154,155,165,166,167,168,178,179,180,181,190,191,192,193,194,204,205,206,207,217,218,219,220
195,143,156,157,158,169,170,171,172,182,183,184,185,195,196,197,198,199,208,209,210,211
196,144,156,157,158,159,169,170,171,172,173,182,183,184,185,186,195,196,197,198,199,200,208,209,210,211,212
197,145,156,157,158,159,160,169,170,171,172,173,174,182,183,184,185,186,187,195,196,197,198,199,200,201,208,209,210,211,212,213
198,146,157,158,159,160,161,169,170,171,172,173,174,175,182,183,184,185,186,187,188,195,196,197,198,199,200,201,202,208,209,210,211,212,213,214
199,147,158,159,160,161,162,170,171,172,173,174,175,176,183,184,185,186,187,188,189,195,196,197,198,199,200,201,202,203,209,210,211,212,213,214,215
200,148,159,160,161,162,163,171,172,173,174,175,176,177,184,185,186,187,188,189,190,196,197,198,199,200,201,202,203,204,210,211,212,213,214,215,216
201,149,160,161,162,163,164,172,173,174,175,176,177,178,185,186,187,188,189,190,191,197,198,199,200,201,202,203,204,205,211,212,213,214,215,216,217
202,150,161,162,163,164,165,173,174,175,176,177,178,179,186,187,188,189,190,191,192,198,199,200,201,202,203,204,205,206,212,213,214,215,216,217,218
203,151,162,163,164,165,166,174,175,176,177,178,179,180,187,188,189,190,191,192,193,199,200,201,202,203,204,205,206,207,213,214,215,216,217,218,219
204,152,163,164,165,166,167,175,176,177,178,179,180,181,188,189,190,191,192,193,194,200,201,202,203,204,205,206,207,214,215,216,217,218,219,220
205,153,164,165,166,167,168,176,177,178,179,180,181,189,190,191,192,193,194,201,202,203,204,205,206,207,215,216,217,218,219,220
206,154,165,166,167,168,177,178,179,180,181,190,191,192,193,194,202,203,204,205,206,207,216,217,218,219,220
207,155,166,167,168,178,179,180,181,191,192,193,194,203,204,205,206,207,217,218,219,220
208,156,169,170,171,182,183,184,185,195,196,197,198,208,209,210,211,212
209,157,169,170,171,172,182,183,184,185,186,195,196,197,198,199,208,209,210,211,212,213
210,158,169,170,171,172,173,182,183,184,185,186,187,195,196,197,198,199,200,208,209,210,211,212,213,214
211,159,170,171,172,173,174,182,183,184,185,186,187,188,195,196,197,198,199,200,201,208,209,210,211,212,213,214,215
212,160,171,172,173,174,175,183,184,185,186,187,188,189,196,197,198,199,200,201,202,208,209,210,211,212,213,214,215,216
213,161,172,173,174,175,176,184,185,186,187,188,189,190,197,198,199,200,201,202,203,209,210,211,212,213,214,215,216,217
214,162,173,174,175,176,177,185,186,187,188,189,190,191,198,199,200,201,202,203,204,210,211,212,213,214,215,216,217,218
215,163,174,175,176,177,178,186,187,188,189,190,191,192,199,200,201,202,203,204,205,211,212,213,214,215,216,217,218,219
216,164,175,176,177,178,179,187,188,189,190,191,192,193,200,201,202,203,204,205,206,212,213,214,215,216,217,218,219,220
217,165,176,177,178,179,180,188,189,190,191,192,193,194,201,202,203,204,205,206,207,213,214,215,216,217,218,219,220
218,166,177,178,179,180,181,189,190,191,192,193,194,202,203,204,205,206,207,214,215,216,217,218,219,220
219,167,178,179,180,181,190,191,192,193,194,203,204,205,206,207,215,216,217,218,219,220
220,168,179,180,181,191,192,193,194,204,205,206,207,216,217,218,219,220
